Type,Name,Request Count,Failure Count,Median Response Time,Average Response Time,Min Response Time,Max Response Time,Average Content Size,Requests/s,Failures/s,50%,66%,75%,80%,90%,95%,98%,99%,99.9%,99.99%,100%
GET,/health,37,0,5,16.522929745701116,1.3105000834912062,323.3002000488341,66.0,4.605231412738662,0.0,5,6,9,12,26,29,320,320,320,320,320
POST,/v1/forecast,22,0,73,78.26182729860938,30.59260011650622,138.29190004616976,5035.0,2.7382457048716367,0.0,73,75,75,80,130,140,140,140,140,140,140
,Aggregated,59,0,12,39.54421357898894,1.3105000834912062,323.3002000488341,1918.8474576271187,7.343477117610298,0.0,12,65,71,73,80,140,140,320,320,320,320
